{
    "personal_information": {
        "name": "J. Smith",
        "location": "Dallas, TX"
    },
    "professional_summary": "Experienced Oracle Database Administrator with expertise in performance tuning, backup/recovery strategies, database design, and migrations. Proficient in Oracle DBA, SQL Server, Linux, and RMAN.",
    "work_experience": [
        {
            "job_title": "Senior Oracle Database Administrator",
            "company": "Anthelio Healthcare Inc",
            "location": "Dallas, TX",
            "dates": "January 2011 - November 2014",
            "key_responsibilities": [
                "Performance tuning of databases using Explain Plan",
                "SQL Trace",
                "and TKPROF.",
                "Reorganizing data files to eliminate I/O contention.",
                "Allocating rollback segments for batch processing jobs."
            ]
        },
        {
            "job_title": "Junior Oracle Database Administrator",
            "company": "Anthelio Healthcare Inc",
            "location": "Dallas, TX",
            "dates": "July 2007 - November 2010",
            "key_responsibilities": [
                "Physical and logical database design.",
                "Database backup and security strategies.",
                "Monitoring and administration of customer databases."
            ]
        }
    ],
    "education": [
        {
            "degree": "Bachelor's in Computer Science",
            "institution": "XYZ University",
            "year_of_completion": "2010"
        }
    ],
    "skills": {
        "technical_skills": [
            "Oracle Database",
            "Linux",
            "SQL Server",
            "Data Guard",
            "RMAN",
            "Performance Tuning"
        ],
        "tools_and_software": [
            "TOAD",
            "SQL*Plus"
        ]
    },
    "additional_information": {
        "certifications": [],
        "languages": [],
        "achievements": []
    }
}