{
    "personal_information": {
        "name": "John Doe",
        "location": "Rockville, MD"
    },
    "professional_summary": "Multi-faceted software engineer with several years of experience in the software industry. Proficient in various programming languages and tools, seeking to provide clean code in a collaborative environment.",
    "work_experience": [
        {
            "job_title": "Remote Hands Technician",
            "company": "Digital Realty",
            "location": "Rockville, MD",
            "dates": "July 2017 - Present",
            "key_responsibilities": [
                "Assist customers with hardware and software diagnosis",
                "including iLO",
                "iDrac",
                "and IOS configurations.",
                "Install",
                "test",
                "and troubleshoot copper and fiber optic circuits across nine campus buildings.",
                "Configure routers and switches",
                "including IP addressing",
                "service turn-ups",
                "and VLAN creations."
            ]
        },
        {
            "job_title": "Database Administrator",
            "company": "Remote - Kumasi",
            "location": "Kumasi, Ghana",
            "dates": "August 2018 - March 2019",
            "key_responsibilities": [
                "Design and implement database descriptions and data models.",
                "Set up user profiles and access levels for database segments.",
                "Implement BI solutions and test databases."
            ]
        },
        {
            "job_title": "Cable Technician",
            "company": "Mona Telecom",
            "location": "Chantilly, VA",
            "dates": "January 2015 - April 2017",
            "key_responsibilities": [
                "Test cables using tools like volt-OHM meters and signal level meters.",
                "Install and troubleshoot cable systems.",
                "Recommend network security measures."
            ]
        },
        {
            "job_title": "Assistant Accountant",
            "company": "Ashanti Region - Kumasi",
            "location": "Kumasi, Ghana",
            "dates": "October 2013 - December 2014",
            "key_responsibilities": [
                "Vett claims and proposals for health insurance.",
                "Propose a national health insurance system."
            ]
        }
    ],
    "education": [],
    "skills": {
        "technical_skills": [],
        "tools_and_software": []
    },
    "additional_information": {
        "certifications": [],
        "languages": [],
        "achievements": []
    }
}