{
    "personal_information": {
        "name": "Volunteer Volunteer",
        "location": "Atlanta, GA"
    },
    "professional_summary": "Experience with SQL server database and excellent client skills seeking a junior position. Aiming to utilize technical knowledge in a dynamic organization while advancing skills in a motivated environment.",
    "work_experience": [
        {
            "job_title": "Database Administrator, Intern",
            "company": "City of Augusta - Augusta, GA",
            "location": "Augusta, GA",
            "dates": "May 2017 - August 2019",
            "key_responsibilities": [
                "Experience with SQL Server database administration and technical skills in MS SQL Server 2016 and 2017.",
                "Documentation of SQL server builds and dependencies.",
                "Maintenance of change control and testing processes for database modifications."
            ]
        },
        {
            "job_title": "Client Support, Intern",
            "company": "City of Augusta - Augusta, GA",
            "location": "Augusta, GA",
            "dates": "May 2016 - August 2016",
            "key_responsibilities": [
                "Monitoring and maintenance of data communications systems.",
                "Setup and installation of software on client computers.",
                "Client support activities including tracking system updates."
            ]
        }
    ],
    "education": [
        {
            "degree": "Bachelor of Science in Computer Science",
            "institution": "Savannah State University - Savannah, GA",
            "year_of_completion": "December 2017"
        }
    ],
    "skills": {
        "technical_skills": [
            "MS SQL Server",
            "Clustering",
            "Disaster Recovery",
            "C++",
            "Performance Tuning"
        ],
        "tools_and_software": [
            "Microsoft Office Suite",
            "Network and Design",
            "AutoCAD"
        ]
    },
    "additional_information": {
        "certifications": [],
        "languages": [],
        "achievements": []
    }
}