{
    "personal_information": {
        "name": "Extracted Name",
        "location": "Hyderabad, Telangana"
    },
    "professional_summary": "Oracle Database Administrator with 4+ years of experience in installing, maintaining, and configuring critical databases on Unix/Linux, Sun Solaris. Expertise in Oracle 10g, 11g, 12c databases, Data Guard setup, RMAN, ASM, and performance tuning. Proficient in creating users, roles, profiles, and managing backups, recovery, and database operations.",
    "work_experience": [
        {
            "job_title": "Oracle Database Administrator",
            "company": "Cognizant - Hyderabad, Telangana",
            "location": "Hyderabad, Telangana",
            "dates": "June 2016 - Present",
            "key_responsibilities": [
                "Installation and maintenance of critical databases on Unix/Linux",
                "Sun Solaris.",
                "Experience with Oracle 10g",
                "11g",
                "12c databases.",
                "Responsible for installing Oracle 11g and 12c in Single Node & Multi-node configurations."
            ]
        },
        {
            "job_title": "Oracle Database Administrator",
            "company": "Convergys - Hyderabad, Telangana",
            "location": "Hyderabad, Telangana",
            "dates": "June 2014 - June 2016",
            "key_responsibilities": [
                "Installation and maintenance of critical databases on Unix/Linux",
                "Sun Solaris.",
                "Experience with Oracle 10g",
                "11g",
                "12c databases.",
                "Responsible for installing Oracle 11g and 12c in Single Node & Multi-node configurations."
            ]
        }
    ],
    "education": [
        {
            "degree": "Master of Computer Applications in Science and Technology",
            "institution": "JNTU - Kakinada, Andhra Pradesh",
            "year_of_completion": "2013"
        }
    ],
    "skills": {
        "technical_skills": [
            "Oracle Databases (10g, 11g, 12c)",
            "Linux",
            "RMAN",
            "Data Guard",
            "ASM"
        ],
        "tools_and_software": [
            "DBCA",
            "NETCA",
            "SQL*Plus",
            "Putty"
        ]
    },
    "additional_information": {
        "certifications": [],
        "languages": [],
        "achievements": []
    }
}