{
    "personal_information": {
        "name": "John Doe",
        "location": "Blue Springs, MO"
    },
    "professional_summary": "Passionate individual with 3+ years of work and tutoring experience in programming, networking, engineering, and IT support. Effective communicator and problem-solver with the ability to quickly learn new technologies and become a subject matter expert.",
    "work_experience": [
        {
            "job_title": "Programmer/CNC Programmer/CNC IT Specialist",
            "company": "Brogdon Machine",
            "location": "Blue Springs, MO",
            "dates": "December 2018 to Present",
            "key_responsibilities": [
                "CNC Programming with GCODE",
                "Python",
                "and VB",
                "Create Part Models (Siemens NX",
                "Catia v5",
                "Enovia)",
                "Installed 'Oodoo' Web server (Apache",
                "MySQL",
                "Bitnami) for office use",
                "General IT work and solutions for the office"
            ]
        },
        {
            "job_title": "Network and Database Administrator/Software Developer",
            "company": "Ticket Boat",
            "location": "Blue Springs, MO",
            "dates": "June 2018 to December 2018",
            "key_responsibilities": [
                "Web Development using HTML",
                "CSS",
                "and JavaScript",
                "Chrome Extensions development",
                "Buy Capture: capture financial transactions on third-party websites",
                "Complete Attachments: automate manual processes for users forced to visit a web page twice",
                "REST Clients building using GET and POST with jQuery",
                "SQL Development including queries and reports in MSSQL",
                "JIRA and Confluence administration"
            ]
        }
    ],
    "education": [
        {
            "degree": "Associate's Degree",
            "institution": "Metropolitan Community College",
            "year_of_completion": "2020"
        }
    ],
    "skills": {
        "technical_skills": [
            "Python\",\n            \"C++\",\n            \"HTML/CSS\",\n            \"JavaScript\",\n            \"SQL/MySQL\",\n            \"Apache\",\n            \"Bitnami\",\n            \"JIRA\",\n            \"Confluence"
        ],
        "tools_and_software": [
            "Microsoft Office Suite\",\n            \"Linux\",\n            \"Windows Server\",\n            \"VMware\",\n            \"Docker\",\n            \"Kubernetes\",\n            \"Git"
        ]
    },
    "additional_information": {
        "certifications": [],
        "languages": [],
        "achievements": []
    }
}