{
    "personal_information": {
        "name": "John Doe",
        "location": "West New York, NJ"
    },
    "professional_summary": "Experienced Systems Administrator with expertise in active directory management, VMware configuration, and ERP system optimization. Proven track record in network infrastructure setup, database analysis, and troubleshooting.",
    "work_experience": [
        {
            "job_title": "Systems Administrator",
            "company": "Automann West",
            "location": "West New York, NJ",
            "dates": "2020 - Present",
            "key_responsibilities": [
                "Managing ERP systems (Microsoft Dynamics",
                "Oracle ERP)",
                "Configuring and optimizing active directory settings for secure user access",
                "Setting up and maintaining VMware environments for disaster recovery"
            ]
        },
        {
            "job_title": "Systems Administrator",
            "company": "Sanofi Genzyme Biosurgery",
            "location": "Ridgefield, NJ",
            "dates": "May 2013 - May 2020",
            "key_responsibilities": [
                "Database management and optimization for quality assurance processes",
                "Implementing SQL queries for data analysis and reporting",
                "Troubleshooting network issues impacting laboratory operations"
            ]
        },
        {
            "job_title": "System Administrator (Contract)",
            "company": "Hewlett-Packard",
            "location": "East Hanover, NJ",
            "dates": "February 2014 - August 2014",
            "key_responsibilities": [
                "Preparing and shipping network equipment to multiple sites",
                "Configuring VLANs and upgrading network switches using TFTP servers",
                "Administering inventory management systems with MS Excel"
            ]
        },
        {
            "job_title": "Quality Control Technician",
            "company": "Sanofi Genzyme Biosurgery",
            "location": "Ridgefield, NJ",
            "dates": "May 2011 - May 2013",
            "key_responsibilities": [
                "Maintaining and updating microbiology department databases with critical data",
                "Performing accurate data entry for up to 50 documents daily",
                "Creating reports using SQL queries for quality assurance purposes"
            ]
        }
    ],
    "education": [
        {
            "degree": "Computer Science",
            "institution": "Stevens Institute of Technology",
            "year_of_completion": "2020"
        }
    ],
    "skills": {
        "technical_skills": [
            "System Administrator\",\n            \"Active Directory Management\",\n            \"VMware Configuration\",\n            \"ERP System Optimization\",\n            \"Database Analysis\",\n            \"Troubleshooting\",\n            \"Network Infrastructure Setup"
        ],
        "tools_and_software": [
            "Windows Server\",\n            \"SQL Server\",\n            \"Linux OS\",\n            \"VMware ESXi\",\n            \"Cisco Network Devices\",\n            \"Microsoft Office Suite"
        ]
    },
    "additional_information": {
        "certifications": [],
        "languages": [],
        "achievements": []
    }
}