{
    "personal_information": {
        "name": "John Doe",
        "location": "New York, NY"
    },
    "professional_summary": "Expertise in Oracle Database Administration with extensive experience in RMAN administration, SQL tuning, and data migration.",
    "work_experience": [
        {
            "job_title": "Oracle DBA",
            "company": "Tech Corp",
            "location": "New York, NY",
            "dates": "2010 - 2020",
            "key_responsibilities": [
                "Administering RMAN backups and maintaining database integrity.",
                "Optimizing SQL queries to enhance performance.",
                "Migrating data across environments during maintenance."
            ]
        },
        {
            "job_title": "Senior Oracle DBA",
            "company": "Data Solutions",
            "location": "New York, NY",
            "dates": "2015 - 2021",
            "key_responsibilities": [
                "Managing RAC (Real Application Clusters) to ensure high availability.",
                "Performing regular performance tuning and optimizing database instances.",
                "Collaborating with storage teams for managing ASM disk groups."
            ]
        },
        {
            "job_title": "Lead Oracle DBA",
            "company": "CloudSphere",
            "location": "New York, NY",
            "dates": "2022 - Present",
            "key_responsibilities": [
                "Overseeing RMAN backup processes and maintaining database availability.",
                "Administering ASM (Automatic Storage Management) for disk group management.",
                "Managing cluster services to ensure seamless application operations."
            ]
        }
    ],
    "education": [
        {
            "degree": "Bachelor's Degree",
            "institution": "State University",
            "year_of_completion": "2008"
        }
    ],
    "skills": {
        "technical_skills": [
            "Oracle DBA",
            "SQL",
            "RMAN",
            "ASM"
        ],
        "tools_and_software": [
            "TOAD",
            "STATSPACK",
            "TKPROF",
            "GoldenGate",
            "Linux",
            "Shell Scripting"
        ]
    },
    "additional_information": {
        "certifications": [],
        "languages": [],
        "achievements": []
    }
}