{
    "personal_information": {
        "name": "Office Administrator, Human Resources Office",
        "location": "Alpine, UT"
    },
    "professional_summary": "Experienced Office Administrator with expertise in office management, security protocols, talent acquisition, and event planning. Skilled in conducting research and implementing cost containment measures.",
    "work_experience": [
        {
            "job_title": "Office Administrator",
            "company": "Mitchell International",
            "location": "Alpine, UT",
            "dates": "August 2018 - Present",
            "key_responsibilities": [
                "Created and vetted annual security survey for over 3",
                "000 employees.",
                "Supervised educational conferences for employees.",
                "Managed office functionality including cost containment measures.",
                "Assisted with talent acquisition by coordinating interviews and onboarding processes.",
                "Conducted Anti-Harassment training and tracked progress for over 600 leaders.",
                "Researched and presented information on sick time policies."
            ]
        },
        {
            "job_title": "Research Assistant",
            "company": "Human Performance Technologies",
            "location": "Logan, UT",
            "dates": "April 2018 - August 2018",
            "key_responsibilities": [
                "Reconciled finances using QuickBooks from build sites.",
                "Organized data using Excel and Powerpoint for research purposes.",
                "Researched and analyzed competitors' curricula."
            ]
        },
        {
            "job_title": "Database Processor",
            "company": "Partners In Leadership",
            "location": "Logan, UT",
            "dates": "2012 - 2015",
            "key_responsibilities": [
                "Presented research on Zegota to over 100 peers.",
                "Conducted case study analysis for the United States Committee of Weapons of Mass Destruction."
            ]
        },
        {
            "job_title": "Presenter",
            "company": "",
            "location": "Logan, UT",
            "dates": "May 2016 - Present (occasional roles)",
            "key_responsibilities": [
                "Presented research findings on various topics."
            ]
        }
    ],
    "education": [],
    "skills": {
        "technical_skills": [],
        "tools_and_software": []
    },
    "additional_information": {
        "certifications": [],
        "languages": [],
        "achievements": []
    }
}