{
    "personal_information": {
        "name": "Extracted Name",
        "location": "Philadelphia, PA"
    },
    "professional_summary": "Experienced Technical Implementation Specialist with expertise in implementing and customizing cardiovascular information systems. Proficient in SQL, Visual Basic, and reporting software. Strong leadership and project management skills.",
    "work_experience": [
        {
            "job_title": "Technical Implementation Specialist",
            "company": "Lumedx Corporation",
            "location": "Remote (Bellevue, WA)",
            "dates": "December 2016 - Present",
            "key_responsibilities": [
                "Ensuring successful implementation of enterprise Cardiovascular Information System at client sites.",
                "Acting as technical escalation point for internal team of consultants.",
                "Utilizing SQL",
                "Visual Basic code",
                "and reporting software to accommodate client customization requests."
            ]
        },
        {
            "job_title": "System Administrator",
            "company": "Lumedx Corporation",
            "location": "Remote (Philadelphia, PA)",
            "dates": "September 2014 - December 2016",
            "key_responsibilities": [
                "Designing new software applications for end-user interaction with clinical documentation software.",
                "Developing enhancements to clinical documentation and analytical software.",
                "Supporting and training staff members on software functionality."
            ]
        },
        {
            "job_title": "Cardiovascular PACS & System Administrator",
            "company": "Good Samaritan Health System - Lebanon, PA",
            "location": "Lebanon, PA",
            "dates": "January 2013 - September 2014",
            "key_responsibilities": [
                "Implementing and customizing cardiovascular information systems.",
                "Designing documentation software for clinical use.",
                "Maintaining system integrity and functionality."
            ]
        },
        {
            "job_title": "Cardiovascular Database Administrator",
            "company": "Good Samaritan Health System - Lebanon, PA",
            "location": "Lebanon, PA",
            "dates": "September 2012 - January 2013",
            "key_responsibilities": [
                "Analyzing and interpreting cardiovascular data.",
                "Providing custom reports and maintaining database integrity.",
                "Collaborating with ACC registries."
            ]
        },
        {
            "job_title": "Surgical Attendant",
            "company": "Good Samaritan Health System - Lebanon, PA",
            "location": "Lebanon, PA",
            "dates": "June 2010 - September 2012",
            "key_responsibilities": [
                "Assisting surgeons and supporting clinical staff.",
                "Monitoring patients post-surgery and ensuring patient safety."
            ]
        }
    ],
    "education": [],
    "skills": {
        "technical_skills": [
            "SQL\",\n            \"Visual Basic\",\n            \"Cardiovascular Information Systems\",\n            \"System Customization\",\n            \"Data Presentation\",\n            \"Clinical Workflows\",\n            \"Reporting Software\",\n            \"Project Management"
        ],
        "tools_and_software": [
            "Lumedx Systems\",\n            \"Microsoft SQL Server\",\n            \"Visual Basic\",\n            \"Crystal Reports\",\n            \"Excel\",\n            \"Other Reporting Tools"
        ]
    },
    "additional_information": {
        "certifications": [],
        "languages": [],
        "achievements": []
    }
}