{
    "personal_information": {
        "name": "John Doe",
        "location": "Honolulu, HI"
    },
    "professional_summary": "Data Analyst with hands-on experience in financial analysis and data analysis. Proficient in SAS, Python, SQL, and Tableau. Experienced in ETL processes, data warehouse design, and database administration. Data Science intern who is proficient in Python, has experience with pandas, machine learning models, and basic NLP techniques.",
    "work_experience": [
        {
            "job_title": "Data Analyst",
            "company": "Hawaii Pacific University",
            "location": "Honolulu, HI",
            "dates": "July 2019 - Present",
            "key_responsibilities": [
                "Developed SAS programs for generating weekly student census reports.",
                "Designed annual reports using SAS Visual Analytics and Tableau for senior management.",
                "Performed data processing",
                "ETL using SAS Enterprise Guide and SSIS",
                "and data collection with Python."
            ]
        },
        {
            "job_title": "Research Assistant",
            "company": "Stevens Institute of Technology",
            "location": "Hoboken, NJ",
            "dates": "February 2017 - Present",
            "key_responsibilities": [
                "Designed SQL programs for monitoring user accounts and streamlining data uploads.",
                "Performed ETL processes and data validation using SAS and SSIS.",
                "Collected and prepared data for analysis using Python."
            ]
        }
    ],
    "education": [
        {
            "degree": "Master of Science in Information Systems",
            "institution": "Gabelli School of Business at Fordham University",
            "year_of_completion": "December 2016"
        },
        {
            "degree": "Bachelor of Science in Financial Management",
            "institution": "School of Management at Shanghai University of Engineering Science",
            "year_of_completion": "June 2015"
        }
    ],
    "skills": {
        "technical_skills": [
            "SAS",
            "SPSS",
            "Python",
            "SQL"
        ],
        "tools_and_software": [
            "Microsoft Project",
            "Tableau",
            "SQL"
        ]
    },
    "additional_information": {
        "certifications": [],
        "languages": [],
        "achievements": []
    }
}