{
    "personal_information": {
        "name": "John Doe",
        "location": "Baltimore, MD"
    },
    "professional_summary": "Experienced Database Engineer with expertise in SQL Server, VBA, and database automation. Proven track record in optimizing database systems and developing scalable solutions.",
    "work_experience": [
        {
            "job_title": "Database Engineer & Chief Projects Coordinator",
            "company": "Black Techies",
            "location": "Baltimore, MD",
            "dates": "Present - Present",
            "key_responsibilities": [
                "Collaborated with lead developers to design and implement a new database system resulting in 200 detailed mortgage reports filed timely with SEC.",
                "Automated processes reduced redundancies and improved efficiency through schema structuring.",
                "Proficient in VBA",
                "T-SQL queries",
                "and Microsoft SQL Server 2012 for schema engineering."
            ]
        },
        {
            "job_title": "Database Engineer",
            "company": "Wells Fargo",
            "location": "Baltimore, MD",
            "dates": "December 2017 - May 2018",
            "key_responsibilities": [
                "Integrated new database system for mortgage reporting",
                "reducing manual errors and improving compliance.",
                "Streamlined data processes through automation and schema optimization.",
                "Utilized VBA and T-SQL for query design and implementation."
            ]
        },
        {
            "job_title": "Database Administrator & Reporting Analyst",
            "company": "White and Williams LLP",
            "location": "Baltimore, MD",
            "dates": "January 2016 - November 2017",
            "key_responsibilities": [
                "Managed database operations to support financial reporting.",
                "Developed reporting tools for data analysis and decision-making.",
                "Optimized database performance through regular maintenance."
            ]
        },
        {
            "job_title": "VBA Developer & Reporting Analyst",
            "company": "Starr Indemnity & Liability Company",
            "location": "Baltimore, MD",
            "dates": "June 2014 - December 2015",
            "key_responsibilities": [
                "Developed VBA tools for data processing and analysis.",
                "Collaborated with stakeholders to meet reporting requirements.",
                "Enhanced reporting accuracy through automation."
            ]
        },
        {
            "job_title": "Quality Assurance Analyst & Application Tester",
            "company": "XYZ Software Solutions",
            "location": "Baltimore, MD",
            "dates": "January 2013 - May 2014",
            "key_responsibilities": [
                "Ensured application reliability through rigorous testing.",
                "Monitored system performance to identify and resolve issues.",
                "Documented testing processes for quality assurance."
            ]
        }
    ],
    "education": [],
    "skills": {
        "technical_skills": [],
        "tools_and_software": []
    },
    "additional_information": {
        "certifications": [],
        "languages": [],
        "achievements": []
    }
}