{
    "personal_information": {
        "name": "[Name]",
        "location": "Bowie, MD"
    },
    "professional_summary": "Committed and dependable DBA with several years of experience in database management. Oracle certified, passionate about databases with an established reputation for ensuring database integrity, security, system reliability, and availability.",
    "work_experience": [
        {
            "job_title": "Oracle Database Administrator",
            "company": "Holy Cross Hospital",
            "location": "Bowie, MD",
            "dates": "September 2011 - Present",
            "key_responsibilities": [
                "Administered and implemented performance tuning on the database system.",
                "Ensured assigned systems are engineered",
                "configured",
                "and optimized for maximum functionality and availability.",
                "Implemented solutions that reduced single points of failure and improved system uptime to 99.9%."
            ]
        },
        {
            "job_title": "Oracle Database Administrator",
            "company": "ProQuest",
            "location": "Bethesda, MD",
            "dates": "February 2010 - September 2011",
            "key_responsibilities": [
                "Performed tuning using AWR and ADDM to maintain high database availability.",
                "Configured and maintained data loads in huge Data Warehousing systems using the Information Power Center ETL tool.",
                "Performed troubleshooting and fixed Oracle internal database errors with support from Oracle support."
            ]
        }
    ],
    "education": [
        {
            "degree": "Bachelors",
            "institution": "University of Dschang",
            "year_of_completion": "[Not provided]"
        },
        {
            "degree": "Associates",
            "institution": "Prince Georges Community College",
            "year_of_completion": "[Not provided]"
        }
    ],
    "skills": {
        "technical_skills": [],
        "tools_and_software": []
    },
    "additional_information": {
        "certifications": [],
        "languages": [],
        "achievements": []
    }
}