{
    "personal_information": {
        "name": "Oracle Database Administrator",
        "location": "Hyattsville, MD"
    },
    "professional_summary": "Senior Oracle Database Administrator with 8+ years of experience in managing and optimizing Oracle databases across various platforms and environments.",
    "work_experience": [
        {
            "job_title": "Senior Oracle Database Administrator",
            "company": "United Health Group",
            "location": "Reston, VA",
            "dates": "January 2016 - Present",
            "key_responsibilities": [
                "Managing Oracle databases and ensuring optimal performance.",
                "Providing technical leadership and database design solutions.",
                "Resolving complex issues and optimizing database environments."
            ]
        },
        {
            "job_title": "Oracle Database Administrator",
            "company": "Weatherford Laboratories",
            "location": "Houston, TX",
            "dates": "February 2014 - December 2016",
            "key_responsibilities": [
                "Implementing and maintaining Oracle databases.",
                "Performing database migrations and upgrades.",
                "Ensuring data integrity and security."
            ]
        },
        {
            "job_title": "Database Administrator",
            "company": "Walmart",
            "location": "Washington, DC",
            "dates": "January 2011 - May 2014",
            "key_responsibilities": [
                "Administering Microsoft SQL Server and Oracle databases.",
                "Supporting database-driven applications and systems.",
                "Performing regular maintenance and optimization tasks."
            ]
        }
    ],
    "education": [
        {
            "degree": "Associate's Degree",
            "institution": "University of Maryland",
            "year_of_completion": "2011"
        }
    ],
    "skills": {
        "technical_skills": [
            "Oracle Databases\",\n            \"SQL Server\",\n            \"Microsoft SQL Server\",\n            \"Oracle DBA\",\n            \"Linux\",\n            \"RMAN\",\n            \"Opatch\",\n            \"Performance Tuning\",\n            \"Data Integration\",\n            \"ETL"
        ],
        "tools_and_software": [
            "Oracle Database\",\n            \"Microsoft SQL Server\",\n            \"RMAN (Remote Manager)\",\n            \"Opatch (Oracle Patch Manager)\",\n            \"SQL Developer\",\n            \"Excel"
        ]
    },
    "additional_information": {
        "certifications": [],
        "languages": [],
        "achievements": []
    }
}