{
    "personal_information": {
        "name": "Database Professional",
        "location": "Fairbanks, AK"
    },
    "professional_summary": "Experienced database administrator and analyst with expertise in SQL Server, OLTP systems, and data migration. Skilled in ETL processes, SSIS transformations, and report development using SSRS.",
    "work_experience": [
        {
            "job_title": "SQL Server Database Administrator/developer",
            "company": "International Arctic Research Center - Fairbanks, AK",
            "location": "Fairbanks, AK",
            "dates": "August 2012 - September 2017",
            "key_responsibilities": [
                "Created stored procedures",
                "views",
                "tables",
                "and constraints for data integrity.",
                "Developed comprehensive backup plans and disaster recovery strategies.",
                "Improved performance through table partitioning and index management."
            ]
        },
        {
            "job_title": "Senior Data Analyst",
            "company": "Climate and Health Institute - Arba Minch - ET",
            "location": "Arba Minch, ET",
            "dates": "July 2010 - August 2012",
            "key_responsibilities": [
                "Collected",
                "organized",
                "and interpreted data for malaria prevalence analysis.",
                "Presented detailed reports to stakeholders on data quality and results.",
                "Supervised lab technicians in data collection and modeling."
            ]
        }
    ],
    "education": [
        {
            "degree": "Bachelor of Science",
            "institution": "Cornell University",
            "year_of_completion": "2009"
        },
        {
            "degree": "Not specified",
            "institution": "Arba Minch University",
            "year_of_completion": "2005"
        }
    ],
    "skills": {
        "technical_skills": [],
        "tools_and_software": []
    },
    "additional_information": {
        "certifications": [],
        "languages": [],
        "achievements": []
    }
}