{
    "personal_information": {
        "name": "Database Administrator",
        "location": "Woodbridge, VA"
    },
    "professional_summary": "Experienced Database Administrator with expertise in SQL Server, AWS, Azure, and disaster recovery best practices.",
    "work_experience": [
        {
            "job_title": "Database Administrator",
            "company": "Bridge IT Support Services LLC",
            "location": "Reston, VA",
            "dates": "July 2016 - Present",
            "key_responsibilities": [
                "Installing and maintaining SQL Server database systems.",
                "Updating and applying security patches",
                "cumulative updates",
                "and service packs.",
                "Designing and promoting security best practices for disaster recovery plans."
            ]
        },
        {
            "job_title": "Junior SQL Server Database Administrator",
            "company": "MIDROC Technology Group",
            "location": "Addis Ababa, Ethiopia",
            "dates": "July 2013 - July 2016",
            "key_responsibilities": [
                "Installing",
                "configuring",
                "and optimizing SQL Server databases.",
                "Administering backup and recovery processes.",
                "Ensuring compliance with database security policies."
            ]
        }
    ],
    "education": [
        {
            "degree": "Bachelor's Degree",
            "institution": "Extracted University Name",
            "year_of_completion": "2013"
        }
    ],
    "skills": {
        "technical_skills": [
            "Database Administration\",\n            \"SQL Server\",\n            \"Data Modeling\",\n            \"Disaster Recovery\",\n            \"Cloud Computing (AWS, Azure)\",\n            \"Agile methodologies\",\n            \"Crystal Reports"
        ],
        "tools_and_software": [
            "Microsoft SQL Server\",\n            \"MySQL\",\n            \"Microsoft Access\",\n            \"AWS\",\n            \"Azure\",\n            \"TFS\",\n            \"Scrum"
        ]
    },
    "additional_information": {
        "certifications": [],
        "languages": [],
        "achievements": []
    }
}