{
    "personal_information": {
        "name": "John Doe",
        "location": "New York, NY"
    },
    "professional_summary": "Experienced Database Administrator with expertise in Oracle and MS SQL Server administration, including production support, database migrations, and performance optimization.",
    "work_experience": [
        {
            "job_title": "Senior Database Administrator",
            "company": "Miller Coors, Irvin Oil - New York, NY",
            "location": "New York, NY",
            "dates": "November 2011 - June 2012",
            "key_responsibilities": [
                "Provided 24x7 production Oracle database support and administration.",
                "Installed",
                "configured",
                "and administered Oracle 10g/11g RAC.",
                "Performed backups and recoveries using RMAN and conventional hot/cold backups."
            ]
        },
        {
            "job_title": "Database Administrator",
            "company": "Avis Budget Car Rental - Houston, TX",
            "location": "Houston, TX",
            "dates": "December 2010 - October 2011",
            "key_responsibilities": [
                "Responsible for daily production support of all databases.",
                "Resolved problem tickets as per SLA lines.",
                "Maintained scheduled backups and re-ran backups on failure."
            ]
        },
        {
            "job_title": "Sr. Database Administrator",
            "company": "Miller Coors, Irvin Oil - New York, NY",
            "location": "New York, NY",
            "dates": "November 2011 - June 2012",
            "key_responsibilities": [
                "Worked on Oracle database installation and administration.",
                "Performed tablespace management and index reorganization."
            ]
        }
    ],
    "education": [
        {
            "degree": "Bachelor of Technology in Technology",
            "institution": "Jawaharlal Nehru Technological University Hyderabad",
            "year_of_completion": "2009"
        }
    ],
    "skills": {
        "technical_skills": [
            "Database Administration",
            "Oracle 10g/11g",
            "MS SQL Server 2008/2010"
        ],
        "tools_and_software": [
            "Putty",
            "VNC Viewer",
            "Hummingbird Tivoli Monitoring"
        ]
    },
    "additional_information": {
        "certifications": [],
        "languages": [],
        "achievements": []
    }
}