{
    "personal_information": {
        "name": "Extracted Name",
        "location": "Cincinnati, OH"
    },
    "professional_summary": "Experienced IT professional with over 7 years of expertise in database management and Agile methodology implementation, skilled in Scrum framework, Jira, Rally, and various database technologies.",
    "work_experience": [
        {
            "job_title": "Senior Database Administrator",
            "company": "Extracted Company Name",
            "location": "Milwaukee, WI",
            "dates": "2018 - 2022",
            "key_responsibilities": [
                "Managed and optimized Oracle and Microsoft SQL databases to improve performance and reliability.",
                "Performed regular maintenance",
                "troubleshooting",
                "and tuning of database systems using tools like AWR",
                "ASH",
                "ADDM",
                "and OEM.",
                "Collaborated with application teams to design partitioned tables and indexes for query optimization."
            ]
        },
        {
            "job_title": "Oracle Database Administrator",
            "company": "Extracted Company Name",
            "location": "San Antonio, TX",
            "dates": "2015 - 2018",
            "key_responsibilities": [
                "Administered Oracle 11g and 12c databases in both RAC and non-RAC environments.",
                "Designed and implemented database solutions to meet user requirements",
                "including partitioned tables and indexes.",
                "Monitored and maintained databases using shell scripts for exception management and notifications."
            ]
        },
        {
            "job_title": "Scrum Master/Agile Coach",
            "company": "Extracted Company Name",
            "location": "Cincinnati, OH",
            "dates": "2020 - Present",
            "key_responsibilities": [
                "Facilitated Agile transformations and supported Scrum practices across multiple teams.",
                "Managed documentation and facilitated sprint planning",
                "execution",
                "and retrospectives.",
                "Collaborated with stakeholders to identify bottlenecks and implement process improvements."
            ]
        }
    ],
    "education": [
        {
            "degree": "MBA in Engineering Management",
            "institution": "Southern New Hampshire University",
            "year_of_completion": "2019"
        }
    ],
    "skills": {
        "technical_skills": [
            "SQL\",\n            \"Agile Scrum\",\n            \"Jira\",\n            \"Rally\",\n            \"VersionOne\",\n            \"Kanban\",\n            \"Java\",\n            \"C#\",\n            \"Python\",\n            \"React\",\n            \"JavaScript"
        ],
        "tools_and_software": [
            "Oracle 11g\",\n            \"Oracle 10g\",\n            \"IBM AIX V6.1\",\n            \"RHEL 5.2\",\n            \"RAC\",\n            \"ASM\",\n            \"RMAN\",\n            \"AWR\",\n            \"ADM\",\n            \"SQL*Plus\",\n            \"SQL*Loader\",\n            \"EOM\",\n            \"TOAD 10.0"
        ]
    },
    "additional_information": {
        "certifications": [],
        "languages": [],
        "achievements": []
    }
}