{
    "personal_information": {
        "name": "Database Administrator",
        "location": "Atlanta, GA"
    },
    "professional_summary": "Experienced Database Administrator with several years of IT and customer service experience, skilled in database management, optimization, and trouble-shooting, committed to achieving customer satisfaction and meeting expectations.",
    "work_experience": [
        {
            "job_title": "Database Administrator",
            "company": "Victory International",
            "location": "Atlanta, GA",
            "dates": "August 2012 - June 2013",
            "key_responsibilities": [
                "Administered and optimized databases for performance and accuracy.",
                "Monitored and resolved database issues to ensure smooth operations.",
                "Collaborated with IT teams to implement new systems and procedures."
            ]
        },
        {
            "job_title": "Database Administrator",
            "company": "Visible Limousine and Transportation Serv",
            "location": "Atlanta, GA",
            "dates": "March 2011 - June 2012",
            "key_responsibilities": [
                "Managed databases for various applications and tools.",
                "Developed and maintained data integrity and security protocols.",
                "Provided training and documentation for database users."
            ]
        },
        {
            "job_title": "Junior DBA",
            "company": "Amiable Limousine",
            "location": "Atlanta, GA",
            "dates": "September 2008 - February 2010",
            "key_responsibilities": [
                "Assisted with database design and implementation.",
                "Performed data backups and recovery procedures.",
                "Supported users with database queries and troubleshooting."
            ]
        }
    ],
    "education": [
        {
            "degree": "Electrical/Electronics Engineering",
            "institution": "DeVry University",
            "year_of_completion": "2014"
        },
        {
            "degree": "Additional Education",
            "institution": "Ibadan Polytechnic",
            "year_of_completion": ""
        }
    ],
    "skills": {
        "technical_skills": [
            "Database Administration\",\n            \"Database Optimization\",\n            \"SQL Queries\",\n            \"Data Integrity Management\",\n            \"Trouble-Shooting"
        ],
        "tools_and_software": [
            "Microsoft SQL Server\",\n            \"Windows Server\",\n            \"MySQL\",\n            \"Microsoft Office Suite\",\n            \"Crystal Reports\",\n            \"Visio\",\n            \"Adobe Acrobat\",\n            \"Quality Assurance Testing Tools"
        ]
    },
    "additional_information": {
        "certifications": [],
        "languages": [],
        "achievements": []
    }
}