{
    "personal_information": {
        "name": "John Doe",
        "location": "Not specified"
    },
    "professional_summary": "Experienced Oracle Database Administrator with expertise in database optimization, backup processes, and migration tasks. Proficient in AIX, Red Hat Linux, Solaris, and Windows operating systems.",
    "work_experience": [
        {
            "job_title": "Oracle Database Administrator",
            "company": "XYZ Insurance",
            "location": "Not specified",
            "dates": "2018 - Present",
            "key_responsibilities": [
                "Installed Oracle databases on AIX",
                "development",
                "test",
                "and production environments.",
                "Performed database performance tuning using AWR",
                "ADDM",
                "ASH",
                "and STATSPACK.",
                "Implemented daily hot/online backups using RMAN scripts.",
                "Migrated full 9.2.0.6 schemas from Linux to AIX environments."
            ]
        },
        {
            "job_title": "IT Systems Analyst",
            "company": "ABC Technology Solutions",
            "location": "Not specified",
            "dates": "2015 - 2018",
            "key_responsibilities": [
                "Installed software and databases on AIX 5.3 environments.",
                "Migrated databases using EXP",
                "IMP",
                "and Data Pump utility.",
                "Performed system maintenance and disaster recovery preparation."
            ]
        }
    ],
    "education": [
        {
            "degree": "Bachelor's Degree",
            "institution": "University of New York",
            "year_of_completion": "2014"
        }
    ],
    "skills": {
        "technical_skills": [
            "Oracle Databases",
            "AIX",
            "Red Hat Linux",
            "Solaris",
            "Windows",
            "HP-UX"
        ],
        "tools_and_software": [
            "RMAN",
            "OEM",
            "SQL*Loader",
            "EXP",
            "IMP",
            "Data Pump",
            "TOAD",
            "Oracle SQL Developer",
            "Jira",
            "Confluence",
            "Zephyr"
        ]
    },
    "additional_information": {
        "certifications": [],
        "languages": [],
        "achievements": []
    }
}