{
    "personal_information": {
        "name": "John Doe",
        "location": "Rockville, MD"
    },
    "professional_summary": "Experienced professional with expertise in database management, Salesforce automation, and data integration. Proven track record in managing complex databases, ensuring data accuracy, and integrating third-party applications.",
    "work_experience": [
        {
            "job_title": "Database Administrator",
            "company": "Tech Solutions Inc.",
            "location": "Rockville, MD",
            "dates": "2020 - Present",
            "key_responsibilities": [
                "Managing Oracle 12c and SQL Server databases for enterprise applications.",
                "Optimizing database performance and ensuring data integrity.",
                "Developing ETL processes and data migration strategies."
            ]
        },
        {
            "job_title": "Salesforce Administrator",
            "company": "Non-Profit Alliance",
            "location": "Rockville, MD",
            "dates": "2018 - 2020",
            "key_responsibilities": [
                "Configuring Salesforce for constituent management and donor tracking.",
                "Implementing data validation rules and workflows.",
                "Managing integrations with third-party applications like Apsona and MailChimp."
            ]
        }
    ],
    "education": [
        {
            "degree": "Bachelor of Science in Public Health",
            "institution": "University of Maryland, College Park",
            "year_of_completion": "2018"
        },
        {
            "degree": "Associate of Arts in General Studies",
            "institution": "Community College of Baltimore County",
            "year_of_completion": "2014"
        }
    ],
    "skills": {
        "technical_skills": [
            "Database Administration\",\n            \"Data Integration\",\n            \"Salesforce Automation\",\n            \"ETL Processes\",\n            \"Data Validation\",\n            \"System Integration"
        ],
        "tools_and_software": [
            "Oracle 12c, 12.2R, 11g, 10g\",\n            \"SQL Server\",\n            \"MySQL\",\n            \"PostgreSQL\",\n            \"AWS\",\n            \"Toad\",\n            \"TKPROF\",\n            \"EOM\",\n            \"Visual Flow\",\n            \"Apsona"
        ]
    },
    "additional_information": {
        "certifications": [],
        "languages": [],
        "achievements": []
    }
}