{
    "personal_information": {
        "name": "Mrs. Killen",
        "location": "Minneapolis, MN"
    },
    "professional_summary": "Seasoned Oracle Database Administrator with 6+ years of expertise in database security and proactive support across production environments. Proficient in using Data Pump for data migration, RMAN for backups, and implementing high-availability solutions such as RAC and Data Guard.",
    "work_experience": [
        {
            "job_title": "Oracle Database Administrator",
            "company": "Jelani Consulting LLC",
            "location": "Minneapolis, MN",
            "dates": "2014 - Present",
            "key_responsibilities": [
                "Configuring and troubleshooting Oracle databases across multiple releases.",
                "Implementing database security measures to ensure compliance and protection of sensitive data.",
                "Providing proactive support for production environments through regular monitoring and optimization."
            ]
        },
        {
            "job_title": "Oracle Database Administrator",
            "company": "Department of Education: Osseo School District ISD 279",
            "location": "Minneapolis, MN",
            "dates": "May 2014 - Present",
            "key_responsibilities": [
                "Performing database installations and configurations according to SLA standards.",
                "Conducting regular backups using RMAN and ensuring data integrity.",
                "Designing and implementing efficient database solutions for district-wide applications."
            ]
        },
        {
            "job_title": "Oracle Database Administrator",
            "company": "IBM",
            "location": "Fargo, ND",
            "dates": "March 2013 - May 2014",
            "key_responsibilities": [
                "Administering Oracle databases across multiple versions (10gR2",
                "11gR2",
                "12c) and ensuring optimal performance.",
                "Collaborating with IT teams to resolve database-related issues and enhance system reliability.",
                "Developing and implementing data models and designs using OUI and DBCA."
            ]
        }
    ],
    "education": [
        {
            "degree": "Bachelor of Science",
            "institution": "North Dakota State University",
            "year_of_completion": "2013"
        }
    ],
    "skills": {
        "technical_skills": [
            "Database Administration",
            "Oracle DBA",
            "MySQL",
            "SQL Server",
            "Sybase",
            "RMAN",
            "RAC",
            "High-Availability Solutions",
            "Data Guard"
        ],
        "tools_and_software": [
            "SQL*Plus",
            "SQL Developer",
            "TOAD",
            "VMware",
            "Enterprise Manager",
            "TKPROF",
            "AWR",
            "ADRCI",
            "ASH",
            "AWS",
            "SSIS",
            "SSRS",
            "ASM"
        ]
    },
    "additional_information": {
        "certifications": [],
        "languages": [],
        "achievements": []
    }
}