{
    "personal_information": {
        "name": "Hamilton",
        "location": "Tampa, FL"
    },
    "professional_summary": "Experienced Systems Administrator with expertise in IT support, database management, and systems optimization. Proven track record in providing technical solutions for both military and civilian environments.",
    "work_experience": [
        {
            "job_title": "Systems Administrator",
            "company": "The Logistics Company, Database/Systems - Fort Bragg, NC",
            "location": "Fort Bragg, NC",
            "dates": "December 2004 - October 2005",
            "key_responsibilities": [
                "Configuring and maintaining SQL Server databases.",
                "Creating reports using Crystal Reports.",
                "Ensuring compliance with operating system policies."
            ]
        },
        {
            "job_title": "Database Administrator",
            "company": "ITT, ADPE",
            "location": "Amman, Jordan",
            "dates": "October 2005 - July 2006",
            "key_responsibilities": [
                "Configuring and maintaining Automated Logistic Information Management System (ALIMS).",
                "Data entry into ALIMS for tracking parts and maintenance costs.",
                "Maintaining SQL 2000 Server database."
            ]
        },
        {
            "job_title": "IT Technician, ADPE",
            "company": "ITT, ADPE",
            "location": "TAC-SWACAA, Kabul, Afghanistan",
            "dates": "July 2006 - February 2008",
            "key_responsibilities": [
                "Providing professional laptop/desktop support and customer service.",
                "Troubleshooting hardware and network connectivity issues.",
                "Ensuring system stability using DOD-approved operating systems."
            ]
        },
        {
            "job_title": "Systems/Administrative Assistant",
            "company": "ITT, ADPE",
            "location": "TAC-SWACAA, Kabul, Afghanistan",
            "dates": "February 2008 - February 2010",
            "key_responsibilities": [
                "Supporting IT operations and maintaining system documentation.",
                "Assisting with database management and data analysis.",
                "Providing technical support for classified and unclassified systems."
            ]
        },
        {
            "job_title": "Systems Administrator",
            "company": "The Logistics Company, Database/Systems - Fort Bragg, NC",
            "location": "Fort Bragg, NC",
            "dates": "December 2004 - October 2005",
            "key_responsibilities": [
                "Configuring and maintaining SQL Server databases.",
                "Creating reports using Crystal Reports.",
                "Ensuring compliance with operating system policies."
            ]
        },
        {
            "job_title": "Systems Administrator",
            "company": "The Logistics Company, Database/Systems - Fort Bragg, NC",
            "location": "Fort Bragg, NC",
            "dates": "December 2004 - October 2005",
            "key_responsibilities": [
                "Configuring and maintaining SQL Server databases.",
                "Creating reports using Crystal Reports.",
                "Ensuring compliance with operating system policies."
            ]
        },
        {
            "job_title": "Systems Administrator",
            "company": "The Logistics Company, Database/Systems - Fort Bragg, NC",
            "location": "Fort Bragg, NC",
            "dates": "December 2004 - October 2005",
            "key_responsibilities": [
                "Configuring and maintaining SQL Server databases.",
                "Creating reports using Crystal Reports.",
                "Ensuring compliance with operating system policies."
            ]
        },
        {
            "job_title": "Systems Administrator",
            "company": "The Logistics Company, Database/Systems - Fort Bragg, NC",
            "location": "Fort Bragg, NC",
            "dates": "December 2004 - October 2005",
            "key_responsibilities": [
                "Configuring and maintaining SQL Server databases.",
                "Creating reports using Crystal Reports.",
                "Ensuring compliance with operating system policies."
            ]
        },
        {
            "job_title": "Systems Administrator",
            "company": "The Logistics Company, Database/Systems - Fort Bragg, NC",
            "location": "Fort Bragg, NC",
            "dates": "December 2004 - October 2005",
            "key_responsibilities": [
                "Configuring and maintaining SQL Server databases.",
                "Creating reports using Crystal Reports.",
                "Ensuring compliance with operating system policies."
            ]
        }
    ],
    "education": [],
    "skills": {
        "technical_skills": [],
        "tools_and_software": []
    },
    "additional_information": {
        "certifications": [],
        "languages": [],
        "achievements": []
    }
}