{
    "personal_information": {
        "name": "Database Administrator",
        "location": "Houston, TX"
    },
    "professional_summary": "Over five years of experience in database management systems administration, expert at developing and maintaining databases with a strong background in high-end servers. Seeking a fulfilling, proactive career assuming increasing responsibilities.",
    "work_experience": [
        {
            "job_title": "Database Administrator",
            "company": "Intercontinental Registry - Lagos, GU",
            "location": "Houston, TX",
            "dates": "December 2008 - August 2011",
            "key_responsibilities": [
                "Planning",
                "Development: Analyzed business requirements",
                "developed and designed data models",
                "provided DB tools for transaction processing environments",
                "assessed and implemented new technologies",
                "coordinated with developers and project managers",
                "developed training programs.",
                "Technical Support: Monitored system performance for problem resolution",
                "provided SQL database support by overseeing development and organization",
                "communicated regularly with staff for information flow",
                "created backup systems.",
                "Maintenance: Monitored data availability for faster query response",
                "designed conceptual schema according to client needs",
                "ensured data security from external threats",
                "tested and installed latest DBMS versions",
                "granted user access as needed."
            ]
        }
    ],
    "education": [
        {
            "degree": "BSc",
            "institution": "Lagos State University - Lagos, GU",
            "year_of_completion": "2008"
        }
    ],
    "skills": {
        "technical_skills": [
            "SQL",
            "Microsoft PowerPoint",
            "Windows XP",
            "Microsoft Office",
            "C#",
            "Visual Basic",
            "Java Programming"
        ],
        "tools_and_software": [
            "SQL Server Management Studio",
            "Microprocessors",
            "Hardware/Systems Design",
            "Digital Electronics",
            "System Organization",
            "Microsoft Excel"
        ]
    },
    "additional_information": {
        "certifications": [],
        "languages": [],
        "achievements": []
    }
}