{
    "personal_information": {
        "name": "John Doe",
        "location": "Bamenda, Cameroon"
    },
    "professional_summary": "Experienced Oracle Database Administrator with expertise in database migration, recovery, and administration. Proficient in Oracle 9i to 12c environments, RMAN, TTS, and database security. Strong skills in applying security patches, performance tuning, and 24x7 production support.",
    "work_experience": [
        {
            "job_title": "Oracle Database Administrator",
            "company": "NationStar Mortgage",
            "location": "Lewisville, TX",
            "dates": "January 2014 - September 2016",
            "key_responsibilities": [
                "Cloned/migrated databases using RMAN and traditional tools.",
                "Implemented recovery strategies and successfully recovered databases in case of crashes or media failures.",
                "Scheduled physical backups (hot & cold) using RMAN and monitored scheduled jobs."
            ]
        },
        {
            "job_title": "Oracle Database Administrator",
            "company": "NationStar Multi Family Housing",
            "location": "Lewisville, TX",
            "dates": "September 2016 - January 2017",
            "key_responsibilities": [
                "Migrated databases using RMAN and traditional tools (e.g.",
                "Data Pump Export/Import)",
                "Maintained data integrity and security using constraints and triggers.",
                "Provided 24x7 support for production and development databases."
            ]
        }
    ],
    "education": [
        {
            "degree": "Bachelor's degree in Information Technology",
            "institution": "University of Bamenda",
            "year_of_completion": "2013"
        }
    ],
    "skills": {
        "technical_skills": [],
        "tools_and_software": []
    },
    "additional_information": {
        "certifications": [],
        "languages": [],
        "achievements": []
    }
}