{
    "personal_information": {
        "name": "Scrum Master",
        "location": "Columbus, OH"
    },
    "professional_summary": "Experienced Scrum Master with expertise in agile methodologies and project management.",
    "work_experience": [
        {
            "job_title": "Scrum Master",
            "company": "Veeam Software",
            "location": "Columbus, OH",
            "dates": "April 2017 - June 2019",
            "key_responsibilities": [
                "Facilitated Backlog Grooming",
                "Scrum Planning",
                "Daily Scrum",
                "Sprint Review",
                "and Retrospective meetings.",
                "Participated in Scrum of Scrum to provide updates on progress",
                "impediments",
                "and collaboration with other teams.",
                "Facilitated two teams of 9 members",
                "aligning them with agile practices while empowering self-organization and cross-functional growth."
            ]
        },
        {
            "job_title": "Scrum Master",
            "company": "National Children Center",
            "location": "Washington, DC",
            "dates": "January 2015 - November 2017",
            "key_responsibilities": [
                "Coached and mentored agile team members and provided performance feedback.",
                "Organized and facilitated Backlog Grooming",
                "Sprint Planning",
                "Daily Scrum",
                "Sprint Review",
                "and Retrospective meetings.",
                "Fostered a collaborative environment focused on problem resolution without fear of judgment."
            ]
        },
        {
            "job_title": "Scrum Master",
            "company": "BMC",
            "location": "Tampa, FL",
            "dates": "April 2014 - November 2014",
            "key_responsibilities": [
                "Organized and facilitated Agile and Scrum meetings",
                "including Sprint Planning",
                "Stand-ups (SUM)",
                "Sprint Check-In",
                "Sprint Review",
                "and Retrospective.",
                "Assisted with Impediment removal",
                "risk identification",
                "and backlog grooming.",
                "Tracked performance metrics such as Velocity and Sprint burndown."
            ]
        },
        {
            "job_title": "Database Administrator",
            "company": "Target",
            "location": "N/A",
            "dates": "January 2012 - February 2014",
            "key_responsibilities": [
                "Responsible for database administration and optimization."
            ]
        }
    ],
    "education": [
        {
            "degree": "Bachelor's",
            "institution": "Not specified",
            "year_of_completion": "Not provided"
        }
    ],
    "skills": {
        "technical_skills": [
            "Agile methodologies",
            "Scrum",
            "Project Management"
        ],
        "tools_and_software": [
            "Jira",
            "Trello",
            "Microsoft Office"
        ]
    },
    "additional_information": {
        "certifications": [],
        "languages": [],
        "achievements": []
    }
}