{
    "personal_information": {
        "name": "John Doe",
        "location": "New York, NY"
    },
    "professional_summary": "Experienced SQL Server Administrator with expertise in performance tuning, database optimization, and large-scale data warehouse management using SSIS and ETL processes. Proficient in transactional replication, high-availability solutions (log shipping, mirroring), and database design.",
    "work_experience": [
        {
            "job_title": "SQL Server Database Administrator",
            "company": "North-Shore Medical Centre",
            "location": "Boston, MA",
            "dates": "August 2015 - April 2018",
            "key_responsibilities": [
                "Monitored and maintained SQL Server 2012/2008R2 environments on Windows Server 2012R2.",
                "Implemented high-availability features such as log shipping",
                "mirroring",
                "and replication.",
                "Resolved deadlocks",
                "optimized memory usage",
                "and enhanced database performance."
            ]
        },
        {
            "job_title": "SQL Server Database Analyst",
            "company": "New York, NY",
            "location": "New York, NY",
            "dates": "May 2011 - July 2015",
            "key_responsibilities": [
                "Administered SQL Server 2005/2008 environments on Windows Enterprise Server.",
                "Designed and optimized database structures",
                "including indexes",
                "constraints",
                "and views.",
                "Monitored performance and resolved issues related to memory",
                "processor",
                "and disk I/O."
            ]
        },
        {
            "job_title": "SQL Server Developer",
            "company": "Your Company Name",
            "location": "New York, NY",
            "dates": "January 2008 - April 2010",
            "key_responsibilities": [
                "Developed and maintained OLAP solutions for data warehouses.",
                "Optimized SQL queries to improve performance and reduce resource usage.",
                "Collaborated with DBAs to ensure smooth database operations."
            ]
        }
    ],
    "education": [
        {
            "degree": "Bachelor of Business Administration",
            "institution": "Baruch College",
            "year_of_completion": "2007"
        }
    ],
    "skills": {
        "technical_skills": [
            "SQL Server Administration\",\n            \"Database Optimization\",\n            \"Performance Tuning\",\n            \"Data Warehouse Management\",\n            \"ETL Processes\",\n            \"High-Availability Solutions\",\n            \"Transactional Replication\",\n            \"Database Design"
        ],
        "tools_and_software": [
            "Microsoft SQL Server\",\n            \"Oracle Database\",\n            \"Windows Server\",\n            \" VMware \",\n            \" SSIS \",\n            \" ETL Tools "
        ]
    },
    "additional_information": {
        "certifications": [],
        "languages": [],
        "achievements": []
    }
}