{
    "personal_information": {
        "name": "POS Database Administrator",
        "location": "Warminster, PA"
    },
    "professional_summary": "Experienced Database Administrator with expertise in managing and maintaining databases for quick service restaurant (QSR) brands. Skilled in database creation, management, and troubleshooting, along with training new administrators and improving systems.",
    "work_experience": [
        {
            "job_title": "POS Database Administrator",
            "company": "Xenial, Inc",
            "location": "Warminster, PA",
            "dates": "June 2014 - Present",
            "key_responsibilities": [
                "Managed 20+ databases for QSR brands including Burger King",
                "Popeyes",
                "Tim Hortons",
                "and Bojangles across the US and internationally.",
                "Created and maintained databases for Popeyes active in over 1000 restaurants.",
                "Processed database requests from franchisor",
                "franchise",
                "and support channels."
            ]
        },
        {
            "job_title": "Interactive Voice Response Tester (Temporary)",
            "company": "Ascensus",
            "location": "Dresher, PA",
            "dates": "February 2014 - May 2014",
            "key_responsibilities": [
                "Evaluated and analyzed IVR test scripts.",
                "Executed automated test scripts and conducted root cause analysis.",
                "Improved IVR by identifying defects."
            ]
        }
    ],
    "education": [
        {
            "degree": "Bachelor of Arts in History",
            "institution": "La Salle University - Philadelphia, PA",
            "year_of_completion": "2013"
        }
    ],
    "skills": {
        "technical_skills": [
            "Excel",
            "Linux",
            "Mac OS",
            "Microsoft Office",
            "Data Entry",
            "Database Management"
        ],
        "tools_and_software": [
            ""
        ]
    },
    "additional_information": {
        "certifications": [],
        "languages": [],
        "achievements": []
    }
}