{
    "personal_information": {
        "name": "John Doe",
        "location": "Providence, RI"
    },
    "professional_summary": "Database Administrator/Developer with expertise in MS SQL Server, IBM DB2, Oracle 11g, and MySQL. Experienced in ETL jobs, database replication, query optimization, and team leadership.",
    "work_experience": [
        {
            "job_title": "Database Administrator/Database Developer",
            "company": "Company Name 1",
            "location": "Providence, RI",
            "dates": "June 2012 - Present",
            "key_responsibilities": [
                "Manage and optimize large-scale databases for performance and scalability.",
                "Implement ETL processes to enhance data integration capabilities.",
                "Configure and maintain database replication across multiple environments."
            ]
        },
        {
            "job_title": "Senior Database Specialist",
            "company": "Company Name 2",
            "location": "New York, NY",
            "dates": "March 2008 - May 2012",
            "key_responsibilities": [
                "Lead database administration teams to ensure high availability and disaster recovery.",
                "Design and deploy data warehouse solutions for business intelligence applications.",
                "Optimize SQL queries and indexes for improved system performance."
            ]
        }
    ],
    "education": [
        {
            "degree": "Information Systems Management",
            "institution": "Bridgewater State University",
            "year_of_completion": "Present"
        },
        {
            "degree": "Computer Science/Information Systems",
            "institution": "Bristol Community College",
            "year_of_completion": "2012"
        }
    ],
    "skills": {
        "technical_skills": [
            "SQL Server\",\n            \"Oracle Database\",\n            \"MySQL\",\n            \"ETL\",\n            \"Data Warehousing\",\n            \"Database Administration\",\n            \"SSIS\",\n            \"VB6\",\n            \"VBA\",\n            \"Java\",\n            \"MongoDB"
        ],
        "tools_and_software": [
            "Microsoft SQL Server\",\n            \"Oracle\",\n            \"MySQL\",\n            \"ETL Tools\",\n            \"Visual Basic 6\",\n            \"VBA\",\n            \"Java Development Kit (JDK)\",\n            \"MongoDB"
        ]
    },
    "additional_information": {
        "certifications": [],
        "languages": [],
        "achievements": []
    }
}