{
    "personal_information": {
        "name": "John Doe",
        "location": "Flagstaff, AZ"
    },
    "professional_summary": "Experienced Help Desk Manager with expertise in IT support and systems management. Skilled in leading operations and implementing technology strategies aligned with business goals.",
    "work_experience": [
        {
            "job_title": "Help Desk Manager",
            "company": "Navajo Nation Gaming Enterprise",
            "location": "Flagstaff, AZ",
            "dates": "June 2016 - Present",
            "key_responsibilities": [
                "Leading business unit operations and aligning technology strategies with organizational goals.",
                "Configuring and launching enterprise helpdesk support systems and remote support applications.",
                "Establishing Service Level Agreements and communication protocols based on business priorities."
            ]
        },
        {
            "job_title": "Database Administrator/ERP Systems Manager",
            "company": "Navajo Nation Gaming Enterprise",
            "location": "Flagstaff, AZ",
            "dates": "January 2010 - December 2016",
            "key_responsibilities": [
                "Managing ERP systems and implementing five successful implementations over nine years.",
                "Supporting the annual budget process with technical reporting and financial applications support.",
                "Developing custom processes for financial services including Purchasing",
                "Inventory AP",
                "AR",
                "Finance",
                "and Fixed Assets."
            ]
        }
    ],
    "education": [
        {
            "degree": "MS in Information Technology in Management",
            "institution": "Western Governors University",
            "year_of_completion": "2018"
        },
        {
            "degree": "BS in Information Technology/Business Systems",
            "institution": "Continuing University of Phoenix",
            "year_of_completion": "2013"
        }
    ],
    "skills": {
        "technical_skills": [
            "Help Desk\",\n            \"Active Directory\",\n            \"Tech Support\",\n            \"Desktop Support\",\n            \"SQL\",\n            \"SharePoint\",\n            \"Windows Server 2012 R2\",\n            \"Microsoft SQL Server 2012\",\n            \"BMC Footprints Service Core"
        ],
        "tools_and_software": [
            "GoTo Assist\",\n            \"GoTo Training\",\n            \"GoTo Meeting\",\n            \"Microsoft SharePoint 2013\",\n            \"Crystal Reports\",\n            \"Insight Reporting\",\n            \"Sage SEI Enterprise reporting\",\n            \"SQL reporting"
        ]
    },
    "additional_information": {
        "certifications": [],
        "languages": [],
        "achievements": []
    }
}