{
    "personal_information": {
        "name": "J Doe",
        "location": "Largo, MD"
    },
    "professional_summary": "Experienced IT professional with expertise in database management, system administration, and project management. Seeking to leverage technical skills and certifications to advance in the field of information technology.",
    "work_experience": [
        {
            "job_title": "System Administrator",
            "company": "XYZ Corp",
            "location": "Essex, MD",
            "dates": "2010-2013",
            "key_responsibilities": [
                "Provided technical support and system maintenance for organizational applications.",
                "Managed user access permissions and system security measures.",
                "Assisted in developing and implementing new IT policies."
            ]
        },
        {
            "job_title": "IT Manager",
            "company": "ABC Tech",
            "location": "Baltimore, MD",
            "dates": "2014-2016",
            "key_responsibilities": [
                "Overseen the IT infrastructure and operations for the organization.",
                "Supervised a team of junior IT staff members.",
                "Implemented new software solutions to improve efficiency."
            ]
        },
        {
            "job_title": "Senior IT Consultant",
            "company": "Independent Contractor",
            "location": "Remote",
            "dates": "2017-Present",
            "key_responsibilities": [
                "Provided consulting services for IT infrastructure and cybersecurity.",
                "Conducted regular system audits and vulnerability assessments.",
                "Developed comprehensive IT strategic plans."
            ]
        }
    ],
    "education": [
        {
            "degree": "Bachelor's in Computer Science",
            "institution": "University of Maryland University College",
            "year_of_completion": "Present"
        },
        {
            "degree": "Associate in Information Technology",
            "institution": "Community College of Baltimore County",
            "year_of_completion": "2013"
        }
    ],
    "skills": {
        "technical_skills": [
            "Microsoft Office Suite (Word, Excel, Access, PowerPoint, Visio)\",\n            \"Databases: MSSQL, MySQL, Oracle 11g, SQL Server\",\n            \"Programming Languages: SQL, HTML with CSS, Java\",\n            \"Networking: TCP/IP, Ethernet, Wireless (Cisco, Apple)\",\n            \"Security: Firewalls, Antivirus Software, Intrusion Detection Systems\",\n            \"Project Management: Microsoft Project, Jira"
        ],
        "tools_and_software": [
            "VMware, Hyper-V for virtualization\",\n            \"Atlassian Products: Confluence, Jira\",\n            \"SonicWall Firewall and Security Solutions"
        ]
    },
    "additional_information": {
        "certifications": [],
        "languages": [],
        "achievements": []
    }
}