{
    "personal_information": {
        "name": "John Doe",
        "location": "Phoenix, AZ"
    },
    "professional_summary": "Experienced Database Administrator with expertise in database management and optimization. Skilled in Excel and other relevant tools, seeking to leverage technical skills for organizational efficiency.",
    "work_experience": [
        {
            "job_title": "Database Administrator",
            "company": "Cigna",
            "location": "Phoenix, AZ",
            "dates": "July 2007 - November 2013",
            "key_responsibilities": [
                "Managed and maintained databases for organizational operations.",
                "Ensured data integrity and security across systems.",
                "Optimized database performance to meet operational demands."
            ]
        }
    ],
    "education": [
        {
            "degree": "Bachelor's in Business Administration",
            "institution": "UNLV",
            "year_of_completion": "2004"
        }
    ],
    "skills": {
        "technical_skills": [
            "Excel"
        ],
        "tools_and_software": [
            ""
        ]
    },
    "additional_information": {
        "certifications": [],
        "languages": [],
        "achievements": []
    }
}