{
    "personal_information": {
        "name": "Database Administrator (Team Lead)",
        "location": "Sacramento, CA"
    },
    "professional_summary": "3+ years of experience as a Database Administrator with a strong background in SQL Server. Excellent team player, lead, and mentor. Passionate about technology and ready to take on a new challenge. Authorized to work in the US for any employer.",
    "work_experience": [
        {
            "job_title": "Database Administrator (Team Lead)",
            "company": "DXC Technology (Formerly HP Enterprise Services)",
            "location": "Sacramento, CA",
            "dates": "November 2015 - Present",
            "key_responsibilities": [
                "Oversaw smooth and timely delivery of 600+ database clones to enable the $8.8 billion spin-off and merger of Hewlett Packard Enterprise's (HPE) software business.",
                "Minimized network congestion from database migrations during three company separations/divestitures by developing a website (C# ASP.NET MVC) which allowed our team to visualize",
                "track",
                "and carefully schedule data migrations.",
                "Received CIO Award in recognition of significant contribution to internal cloud environment that enables DXC/HPE/Micro Focus employees to request and generate their own cloud databases without the need to leverage third party environments."
            ]
        },
        {
            "job_title": "Database Administrator",
            "company": "Hewlett-Packard",
            "location": "Sacramento, CA",
            "dates": "June 2014 - November 2015",
            "key_responsibilities": [
                "Successfully migrated 1",
                "382 databases for HP's Enterprise Translation Management Architecture (ETMA) application which saves the company roughly $4 million per quarter.",
                "Maintain thousands of SQL Server databases by working shifts and ensuring 99.999% availability along with proactive monitoring and steady engagement with customers.",
                "Consult with application teams to assist with planning",
                "execution and monitoring of RFCs and MTPs for systems of all criticality including mission critical.",
                "Provide innovation support including data migration",
                "performance tuning",
                "and security administration to hundreds of application teams.",
                "Configure SQL Server databases for high availability using AlwaysOn Availability Groups",
                "Veritas clustering",
                "Windows clustering",
                "and log shipping.",
                "Restore databases in Production using point in time recovery methods.",
                "Configure and install SQL Server on Windows and MySQL/MariaDB on Linux. Upgrade SQL Server with minimal downtime using AlwaysOn Availability Groups.",
                "Thrive on change while providing flexible support on nights and weekends to successfully complete the separation of Hewlett-Packard."
            ]
        }
    ],
    "education": [
        {
            "degree": "B.S. in Computer Engineering",
            "institution": "California State University",
            "year_of_completion": "2014"
        }
    ],
    "skills": {
        "technical_skills": [
            "SQL Server",
            "C#",
            "ASP.NET MVC"
        ],
        "tools_and_software": [
            ""
        ]
    },
    "additional_information": {
        "certifications": [],
        "languages": [],
        "achievements": []
    }
}