{
    "personal_information": {
        "name": "Extracted Name",
        "location": "Washington, DC"
    },
    "professional_summary": "Experienced Oracle Database Administrator with 8+ years of expertise in Backup & Recovery, Security Implementation, and Disaster Recovery, aiming to leverage advanced database management skills in a forward-thinking environment.",
    "work_experience": [
        {
            "job_title": "Oracle Database Administrator",
            "company": "Executive Office for US Attorneys (Austin Group)",
            "location": "Washington, DC",
            "dates": "2014 - Present",
            "key_responsibilities": [
                "Implemented Transparent Data Encryption and AAA policies.",
                "Deployed security updates using Opatch.",
                "Developed and maintained backup strategies."
            ]
        },
        {
            "job_title": "Remedy Consultant",
            "company": "Column Technologies",
            "location": "Annandale, VA",
            "dates": "2009 - 2009",
            "key_responsibilities": [
                "Provided customer support and information.",
                "Modified workflows with active links",
                "filters",
                "and escalations.",
                "Managed access control and permissions."
            ]
        }
    ],
    "education": [
        {
            "degree": "Industrial Engineering",
            "institution": "North Carolina A&T State University",
            "year_of_completion": "2002"
        }
    ],
    "skills": {
        "technical_skills": [
            "Oracle",
            "PL/SQL",
            "SQL",
            "DBA",
            "SQL Server (2012, 2014, 2016)",
            "Postgresql",
            "MySQL",
            "DataGuard",
            "Oracle 11g",
            "Oracle 12c",
            "Golden Gate",
            "TDE Encryption",
            "Oracle Enterprise Manager",
            "AWS",
            "JIRA"
        ],
        "tools_and_software": [
            "TOAD",
            "RMAN",
            "Opatch",
            "ITIL"
        ]
    },
    "additional_information": {
        "certifications": [],
        "languages": [],
        "achievements": []
    }
}